{
  "hash": "1e333a44",
  "configHash": "ea03f00e",
  "lockfileHash": "e7a6896d",
  "browserHash": "cdf83586",
  "optimized": {
    "@angular/cdk/bidi": {
      "src": "../../../../../../node_modules/@angular/cdk/fesm2022/bidi.mjs",
      "file": "@angular_cdk_bidi.js",
      "fileHash": "a8461947",
      "needsInterop": false
    },
    "@angular/cdk/scrolling": {
      "src": "../../../../../../node_modules/@angular/cdk/fesm2022/scrolling.mjs",
      "file": "@angular_cdk_scrolling.js",
      "fileHash": "4f0c0b58",
      "needsInterop": false
    },
    "@angular/common": {
      "src": "../../../../../../node_modules/@angular/common/fesm2022/common.mjs",
      "file": "@angular_common.js",
      "fileHash": "f8bb32ae",
      "needsInterop": false
    },
    "@angular/common/http": {
      "src": "../../../../../../node_modules/@angular/common/fesm2022/http.mjs",
      "file": "@angular_common_http.js",
      "fileHash": "f7ca47a8",
      "needsInterop": false
    },
    "@angular/core": {
      "src": "../../../../../../node_modules/@angular/core/fesm2022/core.mjs",
      "file": "@angular_core.js",
      "fileHash": "267fe7b6",
      "needsInterop": false
    },
    "@angular/forms": {
      "src": "../../../../../../node_modules/@angular/forms/fesm2022/forms.mjs",
      "file": "@angular_forms.js",
      "fileHash": "34455962",
      "needsInterop": false
    },
    "@angular/material/button": {
      "src": "../../../../../../node_modules/@angular/material/fesm2022/button.mjs",
      "file": "@angular_material_button.js",
      "fileHash": "68056a0c",
      "needsInterop": false
    },
    "@angular/material/card": {
      "src": "../../../../../../node_modules/@angular/material/fesm2022/card.mjs",
      "file": "@angular_material_card.js",
      "fileHash": "480ec4ba",
      "needsInterop": false
    },
    "@angular/material/icon": {
      "src": "../../../../../../node_modules/@angular/material/fesm2022/icon.mjs",
      "file": "@angular_material_icon.js",
      "fileHash": "45946331",
      "needsInterop": false
    },
    "@angular/material/input": {
      "src": "../../../../../../node_modules/@angular/material/fesm2022/input.mjs",
      "file": "@angular_material_input.js",
      "fileHash": "bbf610ff",
      "needsInterop": false
    },
    "@angular/material/menu": {
      "src": "../../../../../../node_modules/@angular/material/fesm2022/menu.mjs",
      "file": "@angular_material_menu.js",
      "fileHash": "b9280e59",
      "needsInterop": false
    },
    "@angular/material/progress-bar": {
      "src": "../../../../../../node_modules/@angular/material/fesm2022/progress-bar.mjs",
      "file": "@angular_material_progress-bar.js",
      "fileHash": "95d6b113",
      "needsInterop": false
    },
    "@angular/material/toolbar": {
      "src": "../../../../../../node_modules/@angular/material/fesm2022/toolbar.mjs",
      "file": "@angular_material_toolbar.js",
      "fileHash": "f158fc37",
      "needsInterop": false
    },
    "@angular/platform-browser": {
      "src": "../../../../../../node_modules/@angular/platform-browser/fesm2022/platform-browser.mjs",
      "file": "@angular_platform-browser.js",
      "fileHash": "7c363e75",
      "needsInterop": false
    },
    "@angular/platform-browser/animations": {
      "src": "../../../../../../node_modules/@angular/platform-browser/fesm2022/animations.mjs",
      "file": "@angular_platform-browser_animations.js",
      "fileHash": "71b01546",
      "needsInterop": false
    },
    "@angular/router": {
      "src": "../../../../../../node_modules/@angular/router/fesm2022/router.mjs",
      "file": "@angular_router.js",
      "fileHash": "d6482f74",
      "needsInterop": false
    },
    "@swimlane/ngx-charts": {
      "src": "../../../../../../node_modules/@swimlane/ngx-charts/fesm2022/swimlane-ngx-charts.mjs",
      "file": "@swimlane_ngx-charts.js",
      "fileHash": "18364467",
      "needsInterop": false
    },
    "@angular/animations": {
      "src": "../../../../../../node_modules/@angular/animations/fesm2022/animations.mjs",
      "file": "@angular_animations.js",
      "fileHash": "6db8b11a",
      "needsInterop": false
    }
  },
  "chunks": {
    "chunk-EAEWF6XD": {
      "file": "chunk-EAEWF6XD.js"
    },
    "chunk-L2MWYMUO": {
      "file": "chunk-L2MWYMUO.js"
    },
    "chunk-GSINRFFS": {
      "file": "chunk-GSINRFFS.js"
    },
    "chunk-PDXFWX4X": {
      "file": "chunk-PDXFWX4X.js"
    },
    "chunk-4NORIZRY": {
      "file": "chunk-4NORIZRY.js"
    },
    "chunk-PW7FE6NZ": {
      "file": "chunk-PW7FE6NZ.js"
    },
    "chunk-DQF2YHNA": {
      "file": "chunk-DQF2YHNA.js"
    },
    "chunk-G7HDY5ZB": {
      "file": "chunk-G7HDY5ZB.js"
    },
    "chunk-RGHOBSSN": {
      "file": "chunk-RGHOBSSN.js"
    },
    "chunk-IBYU652R": {
      "file": "chunk-IBYU652R.js"
    },
    "chunk-IDI3Z3ZV": {
      "file": "chunk-IDI3Z3ZV.js"
    },
    "chunk-2O4WY5GE": {
      "file": "chunk-2O4WY5GE.js"
    },
    "chunk-3PZ6ZXSS": {
      "file": "chunk-3PZ6ZXSS.js"
    },
    "chunk-HQUMMKT7": {
      "file": "chunk-HQUMMKT7.js"
    },
    "chunk-ZVISGJXD": {
      "file": "chunk-ZVISGJXD.js"
    },
    "chunk-4ADO3IVU": {
      "file": "chunk-4ADO3IVU.js"
    },
    "chunk-Z754OIMR": {
      "file": "chunk-Z754OIMR.js"
    },
    "chunk-TM6MF5Z3": {
      "file": "chunk-TM6MF5Z3.js"
    }
  }
}